{"DE_dispatch": {"median_abs_err": 4.257075090332123, "mean_abs_err": 5.852023979176648, "root_mean_square_error": 8.705711313706535}, "DE_demand": {"median_abs_err": 14.67403224443754, "mean_abs_err": 18.28336704312868, "root_mean_square_error": 23.560281367239586}, "GB_dispatch": {"median_abs_err": 4.47311519486, "mean_abs_err": 6.55687702607074, "root_mean_square_error": 12.053853844276484}, "GB_demand": {"median_abs_err": 6.076142585411503, "mean_abs_err": 8.423628315026313, "root_mean_square_error": 13.57255404896023}}